{"cameraMode":{"drawMode":0,"name":"Shaded","section":"Shading Mode"},"sceneLighting":false,"audioPlay":false,"sceneViewState":{"m_AlwaysRefresh":false,"showFog":true,"showSkybox":false,"showFlares":true,"showImageEffects":true,"showParticleSystems":true,"showVisualEffectGraphs":true,"m_FxEnabled":true},"in2DMode":false,"pivot":{"x":1.6472413539886475,"y":1.7395539283752442,"z":0.29866325855255129},"rotation":{"x":-0.19315975904464723,"y":0.7368883490562439,"z":-0.23590071499347688,"w":-0.6033667922019959},"size":1.1919463872909547,"orthographic":true}